{
  "model": "claude-opus-4-6",
  "variant": "v4",
  "n_samples_per_transcript": 8,
  "temperature": 1.0,
  "pass_threshold": 0.99,
  "transcripts": [
    "real_earnings_002",
    "real_earnings_003",
    "real_client_001"
  ],
  "elapsed_sec": 23.4,
  "cost_usd": 0.6897,
  "per_transcript": [
    {
      "transcript_id": "real_earnings_002",
      "n_attempted": 8,
      "n_successful": 8,
      "n_errored": 0,
      "n_passing": 8,
      "n_non_empty": 8,
      "n_caught_any_gt": 8,
      "pass_at_1": 1.0,
      "pass_at_8": 1.0,
      "mean_f1": 1.0,
      "format_compliance": 1.0,
      "scores": [
        1.0,
        1.0,
        1.0,
        1.0,
        1.0,
        1.0,
        1.0,
        1.0
      ]
    },
    {
      "transcript_id": "real_earnings_003",
      "n_attempted": 8,
      "n_successful": 8,
      "n_errored": 0,
      "n_passing": 0,
      "n_non_empty": 8,
      "n_caught_any_gt": 8,
      "pass_at_1": 0.0,
      "pass_at_8": 0.0,
      "mean_f1": 0.3333333333333333,
      "format_compliance": 1.0,
      "scores": [
        0.3333333333333333,
        0.3333333333333333,
        0.3333333333333333,
        0.3333333333333333,
        0.3333333333333333,
        0.3333333333333333,
        0.3333333333333333,
        0.3333333333333333
      ]
    },
    {
      "transcript_id": "real_client_001",
      "n_attempted": 8,
      "n_successful": 8,
      "n_errored": 0,
      "n_passing": 0,
      "n_non_empty": 8,
      "n_caught_any_gt": 8,
      "pass_at_1": 0.0,
      "pass_at_8": 0.0,
      "mean_f1": 0.71875,
      "format_compliance": 1.0,
      "scores": [
        0.7499999999999999,
        0.7499999999999999,
        0.7499999999999999,
        0.7499999999999999,
        0.7499999999999999,
        0.5,
        0.7499999999999999,
        0.7499999999999999
      ]
    }
  ]
}