{
  "model": "claude-opus-4-6",
  "n_samples_per_transcript": 64,
  "temperature": 1.0,
  "pass_threshold": 0.99,
  "n_transcripts": 2,
  "elapsed_sec": 166.0,
  "cost_usd": 2.2048,
  "input_tokens": 111552,
  "output_tokens": 7087,
  "aggregate": {
    "pass_at_1": 0.5,
    "pass_at_8": 0.5,
    "pass_at_32": 0.5,
    "mean_f1": 0.6145833333333333,
    "format_compliance": 1.0
  },
  "per_transcript": [
    {
      "transcript_id": "brainstorm_no_commits_009",
      "n_attempted": 64,
      "n_successful": 64,
      "n_passing": 64,
      "pass_at_1": 1.0,
      "pass_at_8": 1.0,
      "pass_at_32": 1.0,
      "mean_f1": 1.0,
      "format_compliance": 1.0,
      "scores": [
        1.0,
        1.0,
        1.0,
        1.0,
        1.0,
        1.0,
        1.0,
        1.0,
        1.0,
        1.0,
        1.0,
        1.0,
        1.0,
        1.0,
        1.0,
        1.0,
        1.0,
        1.0,
        1.0,
        1.0,
        1.0,
        1.0,
        1.0,
        1.0,
        1.0,
        1.0,
        1.0,
        1.0,
        1.0,
        1.0,
        1.0,
        1.0,
        1.0,
        1.0,
        1.0,
        1.0,
        1.0,
        1.0,
        1.0,
        1.0,
        1.0,
        1.0,
        1.0,
        1.0,
        1.0,
        1.0,
        1.0,
        1.0,
        1.0,
        1.0,
        1.0,
        1.0,
        1.0,
        1.0,
        1.0,
        1.0,
        1.0,
        1.0,
        1.0,
        1.0,
        1.0,
        1.0,
        1.0,
        1.0
      ]
    },
    {
      "transcript_id": "prod_triage_010",
      "n_attempted": 64,
      "n_successful": 64,
      "n_passing": 0,
      "pass_at_1": 0.0,
      "pass_at_8": 0.0,
      "pass_at_32": 0.0,
      "mean_f1": 0.22916666666666657,
      "format_compliance": 1.0,
      "scores": [
        0.0,
        0.0,
        0.0,
        0.0,
        0.0,
        0.6666666666666666,
        0.6666666666666666,
        0.0,
        0.0,
        0.0,
        0.0,
        0.0,
        0.6666666666666666,
        0.6666666666666666,
        0.0,
        0.0,
        0.0,
        0.0,
        0.0,
        0.6666666666666666,
        0.0,
        0.0,
        0.0,
        0.0,
        0.6666666666666666,
        0.0,
        0.6666666666666666,
        0.6666666666666666,
        0.0,
        0.0,
        0.0,
        0.6666666666666666,
        0.0,
        0.0,
        0.0,
        0.6666666666666666,
        0.0,
        0.0,
        0.6666666666666666,
        0.6666666666666666,
        0.6666666666666666,
        0.6666666666666666,
        0.6666666666666666,
        0.0,
        0.0,
        0.0,
        0.0,
        0.6666666666666666,
        0.6666666666666666,
        0.0,
        0.0,
        0.6666666666666666,
        0.0,
        0.0,
        0.0,
        0.0,
        0.0,
        0.0,
        0.6666666666666666,
        0.0,
        0.6666666666666666,
        0.0,
        0.6666666666666666,
        0.6666666666666666
      ]
    }
  ]
}